order_month,Shipping Mode,order_volume,avg_latency_gap,sla_breach_rate
2015-01,First Class,691,1.0,96.24
2015-01,Same Day,255,0.49,46.67
2015-01,Second Class,1091,1.89,77.18
2015-01,Standard Class,3285,-0.0,38.17
2015-02,First Class,733,1.0,94.82
2015-02,Same Day,262,0.57,51.91
2015-02,Second Class,977,2.08,75.54
2015-02,Standard Class,2757,-0.03,37.18
2015-03,First Class,861,1.0,97.68
2015-03,Same Day,286,0.41,39.86
2015-03,Second Class,1034,2.05,75.92
2015-03,Standard Class,3181,-0.01,37.6
2015-04,First Class,715,1.0,94.69
2015-04,Same Day,242,0.59,53.31
2015-04,Second Class,1034,1.94,75.24
2015-04,Standard Class,3135,-0.02,37.51
2015-05,First Class,960,1.0,91.98
2015-05,Same Day,263,0.57,57.03
2015-05,Second Class,931,2.0,77.12
2015-05,Standard Class,3203,0.0,37.46
2015-06,First Class,741,1.0,96.22
2015-06,Same Day,252,0.44,42.86
2015-06,Second Class,989,1.96,74.82
2015-06,Standard Class,3152,-0.01,38.61
2015-07,First Class,768,1.0,98.05
2015-07,Same Day,386,0.38,36.79
2015-07,Second Class,1004,2.14,82.97
2015-07,Standard Class,3141,-0.01,38.55
2015-08,First Class,889,1.0,97.98
2015-08,Same Day,264,0.46,43.18
2015-08,Second Class,1109,2.02,76.19
2015-08,Standard Class,3011,-0.04,36.73
2015-09,First Class,798,1.0,97.87
2015-09,Same Day,241,0.38,33.61
2015-09,Second Class,1029,1.94,78.23
2015-09,Standard Class,3072,0.04,40.59
2015-10,First Class,898,1.0,93.43
2015-10,Same Day,271,0.58,57.56
2015-10,Second Class,948,2.06,76.58
2015-10,Standard Class,3185,-0.04,37.21
2015-11,First Class,779,1.0,96.92
2015-11,Same Day,265,0.41,41.13
2015-11,Second Class,1054,1.99,75.71
2015-11,Standard Class,3137,-0.01,37.58
2015-12,First Class,840,1.0,94.05
2015-12,Same Day,328,0.37,36.59
2015-12,Second Class,1041,2.04,79.15
2015-12,Standard Class,3162,-0.02,38.05
2016-01,First Class,791,1.0,94.56
2016-01,Same Day,324,0.49,45.99
2016-01,Second Class,1132,1.94,75.97
2016-01,Standard Class,3070,0.01,39.02
2016-02,First Class,682,1.0,93.7
2016-02,Same Day,240,0.34,32.08
2016-02,Second Class,911,1.95,76.4
2016-02,Standard Class,3061,0.05,40.44
2016-03,First Class,875,1.0,95.2
2016-03,Same Day,272,0.51,50.74
2016-03,Second Class,976,2.08,78.59
2016-03,Standard Class,3087,-0.04,37.8
2016-04,First Class,774,1.0,95.99
2016-04,Same Day,255,0.45,44.71
2016-04,Second Class,1004,2.0,78.59
2016-04,Standard Class,3064,0.02,38.15
2016-05,First Class,838,1.0,94.87
2016-05,Same Day,320,0.42,41.56
2016-05,Second Class,1078,1.99,79.78
2016-05,Standard Class,3066,0.01,37.93
2016-06,First Class,745,1.0,96.91
2016-06,Same Day,270,0.56,53.7
2016-06,Second Class,1107,2.03,76.87
2016-06,Standard Class,2932,0.03,39.39
2016-07,First Class,835,1.0,92.57
2016-07,Same Day,334,0.31,30.84
2016-07,Second Class,960,2.0,73.54
2016-07,Standard Class,3176,-0.01,36.93
2016-08,First Class,813,1.0,96.43
2016-08,Same Day,256,0.61,61.33
2016-08,Second Class,1058,1.84,74.67
2016-08,Standard Class,3207,-0.04,37.95
2016-09,First Class,838,1.0,95.82
2016-09,Same Day,287,0.36,35.54
2016-09,Second Class,966,2.04,76.5
2016-09,Standard Class,3069,0.0,38.87
2016-10,First Class,857,1.0,98.6
2016-10,Same Day,341,0.4,39.3
2016-10,Second Class,1030,1.9,72.82
2016-10,Standard Class,3170,0.03,38.74
2016-11,First Class,771,1.0,95.72
2016-11,Same Day,274,0.47,40.51
2016-11,Second Class,1033,2.11,79.67
2016-11,Standard Class,3132,-0.03,37.48
2016-12,First Class,973,1.0,95.27
2016-12,Same Day,234,0.47,46.58
2016-12,Second Class,919,1.91,78.02
2016-12,Standard Class,3143,0.03,38.21
2017-01,First Class,667,1.0,95.8
2017-01,Same Day,267,0.54,48.31
2017-01,Second Class,1000,1.98,78.0
2017-01,Standard Class,3283,0.01,38.04
2017-02,First Class,717,1.0,94.98
2017-02,Same Day,303,0.53,50.5
2017-02,Second Class,977,2.05,74.51
2017-02,Standard Class,2909,0.01,38.5
2017-03,First Class,864,1.0,94.68
2017-03,Same Day,295,0.58,54.92
2017-03,Second Class,999,2.0,75.68
2017-03,Standard Class,3189,-0.0,38.23
2017-04,First Class,749,1.0,94.93
2017-04,Same Day,243,0.38,33.74
2017-04,Second Class,1055,1.96,74.88
2017-04,Standard Class,3165,0.02,38.55
2017-05,First Class,916,1.0,91.16
2017-05,Same Day,277,0.47,43.68
2017-05,Second Class,950,1.92,74.95
2017-05,Standard Class,3174,0.0,37.02
2017-06,First Class,733,1.0,96.86
2017-06,Same Day,238,0.52,48.74
2017-06,Second Class,908,1.86,69.82
2017-06,Standard Class,3072,0.0,38.7
2017-07,First Class,778,1.0,95.12
2017-07,Same Day,368,0.58,57.34
2017-07,Second Class,1083,2.01,77.93
2017-07,Standard Class,3089,-0.02,36.19
2017-08,First Class,832,1.0,94.23
2017-08,Same Day,275,0.5,47.27
2017-08,Second Class,1112,2.08,79.59
2017-08,Standard Class,3086,-0.01,38.72
2017-09,First Class,790,1.0,93.54
2017-09,Same Day,282,0.64,59.93
2017-09,Second Class,1027,1.93,75.85
2017-09,Standard Class,3090,-0.06,36.47
2017-10,First Class,352,1.0,96.02
2017-10,Same Day,110,0.46,44.55
2017-10,Second Class,418,2.02,75.84
2017-10,Standard Class,1375,-0.03,36.8
2017-11,First Class,310,1.0,94.84
2017-11,Same Day,107,0.54,49.53
2017-11,Second Class,411,2.02,76.64
2017-11,Standard Class,1227,-0.0,38.3
2017-12,First Class,313,1.0,92.65
2017-12,Same Day,130,0.63,60.77
2017-12,Second Class,416,2.0,77.88
2017-12,Standard Class,1265,-0.0,37.87
2018-01,First Class,328,1.0,97.87
2018-01,Same Day,120,0.45,41.67
2018-01,Second Class,445,2.0,77.08
2018-01,Standard Class,1230,0.02,39.11
